"Symbol","DeclaredAt","UsageCount","UsageFiles","Snippet"
"__confirmEmailParams","C:\FacturalesNuevo\confirm-email.html:146","1","C:\FacturalesNuevo\confirm-email.html:1","window.__confirmEmailParams = {"
"_chartScaleK","C:\FacturalesNuevo\index.html:1285","3","C:\FacturalesNuevo\index.html:3","window._chartScaleK = false;"
"_chartScaleK","C:\FacturalesNuevo\index.html:1281","3","C:\FacturalesNuevo\index.html:3","window._chartScaleK = true;"
"_currentIncomeGoal","C:\FacturalesNuevo\index.html:2595","0","","window._currentIncomeGoal = goalFull;"
"_customFormatStr","C:\FacturalesNuevo\complete-profile.html:1049","2","C:\FacturalesNuevo\complete-profile.html:2","window._customFormatStr = formatStr;"
"_goals","C:\FacturalesNuevo\index.html:2594","4","C:\FacturalesNuevo\index.html:4","window._goals = { year: goalFull, q1: goalQ.q1, q2: goalQ.q2, q3: goalQ.q3, q4: goalQ.q4 };"
"_goals","C:\FacturalesNuevo\index.html:2431","4","C:\FacturalesNuevo\index.html:4","window._goals = { year: 0, q1: null, q2: null, q3: null, q4: null };"
"_isResultadoContable","C:\FacturalesNuevo\assets\js\fiscal-page.js:321","1","C:\FacturalesNuevo\assets\js\fiscal-page.js:1","window._isResultadoContable = resultadoContable;"
"_productosPage","C:\FacturalesNuevo\assets\js\productos-page.js:502","10","C:\FacturalesNuevo\productos.html:5; C:\FacturalesNuevo\assets\js\productos-page.js:5","window._productosPage = {"
"_subStatus","C:\FacturalesNuevo\settings.html:5336","0","","window._subStatus = subStatus;"
"_userInterval","C:\FacturalesNuevo\settings.html:5335","0","","window._userInterval = interval;"
"_userPlan","C:\FacturalesNuevo\settings.html:5334","3","C:\FacturalesNuevo\settings.html:3","window._userPlan = plan;"
"addPaymentMethod","C:\FacturalesNuevo\assets\js\invoice.js:430","0","","window.addPaymentMethod = addPaymentMethod;"
"applyCategoryFilter","C:\FacturalesNuevo\assets\js\expenses-page.js:1193","0","","window.applyCategoryFilter = applyCategoryFilter;"
"applyContactCityFilter","C:\FacturalesNuevo\index.html:1955","0","","window.applyContactCityFilter = applyContactCityFilter;"
"applyContactPriceFilter","C:\FacturalesNuevo\index.html:1982","0","","window.applyContactPriceFilter = applyContactPriceFilter;"
"applyContactStatusFilter","C:\FacturalesNuevo\index.html:1966","0","","window.applyContactStatusFilter = applyContactStatusFilter;"
"applyDateFilter","C:\FacturalesNuevo\assets\js\expenses-page.js:1206","0","","window.applyDateFilter = applyDateFilter;"
"applyFilters","C:\FacturalesNuevo\assets\js\expenses-page.js:1188","0","","window.applyFilters = applyFilters;"
"applyInvoiceDefaults","C:\FacturalesNuevo\assets\js\invoice-defaults.js:345","0","","window.applyInvoiceDefaults = applyInvoiceDefaults;"
"applyPriceFilter","C:\FacturalesNuevo\assets\js\expenses-page.js:1204","0","","window.applyPriceFilter = applyPriceFilter;"
"auth","C:\FacturalesNuevo\assets\js\auth.js:447","1","C:\FacturalesNuevo\assets\js\auth-guard.js:1","window.auth = {"
"authGuard","C:\FacturalesNuevo\assets\js\auth-guard.js:271","0","","window.authGuard = {"
"businessInfo","C:\FacturalesNuevo\assets\js\businessInfo.js:252","0","","window.businessInfo = {"
"calculateProgress","C:\FacturalesNuevo\assets\js\onboardingProgress.js:535","0","","window.calculateProgress = calculateProgress;"
"cancelSubscription","C:\FacturalesNuevo\settings.html:4979","0","","window.cancelSubscription = function() {"
"checkAuth","C:\FacturalesNuevo\signup.html:579","6","C:\FacturalesNuevo\signin.html:2; C:\FacturalesNuevo\signup.html:1; C:\FacturalesNuevo\assets\js\checkBusinessInfo.js:1; C:\FacturalesNuevo\assets\js\auth-guard.js:1; C:\FacturalesNuevo\assets\js\auth.js:1","if (typeof window.checkAuth === 'function') {"
"checkAuth","C:\FacturalesNuevo\signin.html:873","6","C:\FacturalesNuevo\signup.html:2; C:\FacturalesNuevo\signin.html:1; C:\FacturalesNuevo\assets\js\auth-guard.js:1; C:\FacturalesNuevo\assets\js\auth.js:1; C:\FacturalesNuevo\assets\js\checkBusinessInfo.js:1","if (typeof window.checkAuth === 'function') {"
"checkAuth","C:\FacturalesNuevo\assets\js\auth.js:470","6","C:\FacturalesNuevo\signin.html:2; C:\FacturalesNuevo\signup.html:2; C:\FacturalesNuevo\assets\js\auth-guard.js:1; C:\FacturalesNuevo\assets\js\checkBusinessInfo.js:1","window.checkAuth = checkAuth;"
"checkAuthOnly","C:\FacturalesNuevo\assets\js\checkBusinessInfo.js:80","0","","window.checkAuthOnly = checkAuthOnly;"
"checkBusinessInfoComplete","C:\FacturalesNuevo\assets\js\checkBusinessInfo.js:79","3","C:\FacturalesNuevo\scan-ocr.html:1; C:\FacturalesNuevo\index.html:1; C:\FacturalesNuevo\expenses.html:1","window.checkBusinessInfoComplete = checkBusinessInfoComplete;"
"checkNifCifExists","C:\FacturalesNuevo\assets\js\businessInfo.js:267","0","","window.checkNifCifExists = checkNifCifExists;"
"checkUserHasClients","C:\FacturalesNuevo\assets\js\onboardingProgress.js:532","0","","window.checkUserHasClients = checkUserHasClients;"
"checkUserHasCustomizedInvoice","C:\FacturalesNuevo\assets\js\onboardingProgress.js:533","0","","window.checkUserHasCustomizedInvoice = checkUserHasCustomizedInvoice;"
"checkUserHasIssuedInvoice","C:\FacturalesNuevo\assets\js\onboardingProgress.js:534","0","","window.checkUserHasIssuedInvoice = checkUserHasIssuedInvoice;"
"clearBulkSelection","C:\FacturalesNuevo\assets\js\expenses-page.js:1218","0","","window.clearBulkSelection = clearBulkSelection;"
"clearFilters","C:\FacturalesNuevo\assets\js\expenses-page.js:1189","0","","window.clearFilters = clearFilters;"
"clearInvoiceDefaults","C:\FacturalesNuevo\assets\js\invoice-defaults.js:346","0","","window.clearInvoiceDefaults = clearInvoiceDefaults;"
"ClienteModal","C:\FacturalesNuevo\assets\js\modal-cliente.js:569","0","","window.ClienteModal = ClienteModal;"
"clientsUtils","C:\FacturalesNuevo\assets\js\clients.js:580","0","","window.clientsUtils = {"
"closeAllFilterDropdowns","C:\FacturalesNuevo\assets\js\expenses-page.js:1190","0","","window.closeAllFilterDropdowns = closeAllFilterDropdowns;"
"closeBulkDeleteModal","C:\FacturalesNuevo\assets\js\users-page.js:1072","1","C:\FacturalesNuevo\assets\js\expenses-page.js:1","window.closeBulkDeleteModal = closeBulkDeleteModal;"
"closeBulkDeleteModal","C:\FacturalesNuevo\assets\js\expenses-page.js:1219","1","C:\FacturalesNuevo\assets\js\users-page.js:1","window.closeBulkDeleteModal = closeBulkDeleteModal;"
"closeCancelModal","C:\FacturalesNuevo\settings.html:4967","2","C:\FacturalesNuevo\assets\js\quote-issued-page.js:1; C:\FacturalesNuevo\assets\js\issued-page.js:1","window.closeCancelModal = function() {"
"closeCancelModal","C:\FacturalesNuevo\assets\js\quote-issued-page.js:465","2","C:\FacturalesNuevo\settings.html:1; C:\FacturalesNuevo\assets\js\issued-page.js:1","window.closeCancelModal = closeCancelModal;"
"closeCancelModal","C:\FacturalesNuevo\assets\js\issued-page.js:467","2","C:\FacturalesNuevo\settings.html:1; C:\FacturalesNuevo\assets\js\quote-issued-page.js:1","window.closeCancelModal = closeCancelModal;"
"closeClientModal","C:\FacturalesNuevo\assets\js\users-page.js:1079","0","","window.closeClientModal = closeClientModal;"
"closeCreateClientModal","C:\FacturalesNuevo\assets\js\invoice.js:425","0","","window.closeCreateClientModal = closeCreateClientModal;"
"closeDeleteModal","C:\FacturalesNuevo\assets\js\users-page.js:1081","2","C:\FacturalesNuevo\assets\js\quote-drafts-page.js:1; C:\FacturalesNuevo\assets\js\drafts-page.js:1","window.closeDeleteModal = closeDeleteModal;"
"closeDeleteModal","C:\FacturalesNuevo\assets\js\quote-drafts-page.js:319","2","C:\FacturalesNuevo\assets\js\users-page.js:1; C:\FacturalesNuevo\assets\js\drafts-page.js:1","window.closeDeleteModal = closeDeleteModal;"
"closeDeleteModal","C:\FacturalesNuevo\assets\js\drafts-page.js:319","2","C:\FacturalesNuevo\assets\js\users-page.js:1; C:\FacturalesNuevo\assets\js\quote-drafts-page.js:1","window.closeDeleteModal = closeDeleteModal;"
"closeDeleteTransactionModal","C:\FacturalesNuevo\assets\js\expenses-page.js:1199","0","","window.closeDeleteTransactionModal = closeDeleteTransactionModal;"
"closeExpenseModal","C:\FacturalesNuevo\assets\js\expenses-page.js:1181","0","","window.closeExpenseModal = closeExpenseModal;"
"closeImportModal","C:\FacturalesNuevo\assets\js\users-page.js:1085","0","","window.closeImportModal = closeImportModal;"
"closeInvoiceCreateClientModal","C:\FacturalesNuevo\assets\js\invoice-clients.js:326","0","","window.closeInvoiceCreateClientModal = closeInvoiceCreateClientModal;"
"closePaymentMethodModal","C:\FacturalesNuevo\assets\js\invoice.js:428","0","","window.closePaymentMethodModal = closePaymentMethodModal;"
"closePlanChangeModal","C:\FacturalesNuevo\subscribe.html:754","0","","window.closePlanChangeModal = function () {"
"closePlanModal","C:\FacturalesNuevo\settings.html:4961","0","","window.closePlanModal = function() {"
"closeQuoteCreateClientModal","C:\FacturalesNuevo\assets\js\quote-clients.js:326","0","","window.closeQuoteCreateClientModal = closeQuoteCreateClientModal;"
"closeRecoveryModal","C:\FacturalesNuevo\signin.html:929","2","C:\FacturalesNuevo\signin.html:2","window.closeRecoveryModal = function() {"
"closeTeamDeleteModal","C:\FacturalesNuevo\settings.html:5843","1","C:\FacturalesNuevo\settings.html:1","window.closeTeamDeleteModal = function() {"
"closeTeamUserModal","C:\FacturalesNuevo\settings.html:5798","1","C:\FacturalesNuevo\settings.html:1","window.closeTeamUserModal = function() {"
"collectFormData","C:\FacturalesNuevo\assets\js\quote-page.js:926","1","C:\FacturalesNuevo\assets\js\new-page.js:1","window.collectFormData = collectFormData;"
"collectFormData","C:\FacturalesNuevo\assets\js\new-page.js:820","1","C:\FacturalesNuevo\assets\js\quote-page.js:1","window.collectFormData = collectFormData;"
"confirmBulkDelete","C:\FacturalesNuevo\assets\js\users-page.js:1073","1","C:\FacturalesNuevo\assets\js\expenses-page.js:1","window.confirmBulkDelete = confirmBulkDelete;"
"confirmBulkDelete","C:\FacturalesNuevo\assets\js\expenses-page.js:1220","1","C:\FacturalesNuevo\assets\js\users-page.js:1","window.confirmBulkDelete = confirmBulkDelete;"
"confirmCancelInvoice","C:\FacturalesNuevo\assets\js\issued-page.js:468","0","","window.confirmCancelInvoice = confirmCancelInvoice;"
"confirmCancelQuote","C:\FacturalesNuevo\assets\js\quote-issued-page.js:466","0","","window.confirmCancelQuote = confirmCancelQuote;"
"confirmDeleteClient","C:\FacturalesNuevo\assets\js\users-page.js:1082","0","","window.confirmDeleteClient = confirmDeleteClient;"
"confirmDeleteDraft","C:\FacturalesNuevo\assets\js\quote-drafts-page.js:320","1","C:\FacturalesNuevo\assets\js\drafts-page.js:1","window.confirmDeleteDraft = confirmDeleteDraft;"
"confirmDeleteDraft","C:\FacturalesNuevo\assets\js\drafts-page.js:320","1","C:\FacturalesNuevo\assets\js\quote-drafts-page.js:1","window.confirmDeleteDraft = confirmDeleteDraft;"
"confirmDeleteTeamUser","C:\FacturalesNuevo\settings.html:5849","0","","window.confirmDeleteTeamUser = function() {"
"confirmDeleteTransaction","C:\FacturalesNuevo\assets\js\expenses-page.js:1200","0","","window.confirmDeleteTransaction = confirmDeleteTransaction;"
"confirmPlanChange","C:\FacturalesNuevo\subscribe.html:761","0","","window.confirmPlanChange = async function () {"
"createClient","C:\FacturalesNuevo\assets\js\clients.js:391","1","C:\FacturalesNuevo\assets\js\modal-cliente.js:1","window.createClient = createClient;"
"createInvoice","C:\FacturalesNuevo\assets\js\invoices.js:599","5","C:\FacturalesNuevo\assets\js\new-page.js:4; C:\FacturalesNuevo\assets\js\invoices.js:1","window.createInvoice = createInvoice;"
"createQuote","C:\FacturalesNuevo\assets\js\quotes.js:505","9","C:\FacturalesNuevo\assets\js\quote-page.js:8; C:\FacturalesNuevo\assets\js\quotes.js:1","window.createQuote = createQuote;"
"createSeries","C:\FacturalesNuevo\assets\js\invoice-series-db.js:184","3","C:\FacturalesNuevo\settings.html:1; C:\FacturalesNuevo\invoices\quote.html:1; C:\FacturalesNuevo\invoices\new.html:1","window.createSeries = createSeries;"
"createTransaction","C:\FacturalesNuevo\assets\js\transactions.js:510","3","C:\FacturalesNuevo\assets\js\scan-ocr-page.js:2; C:\FacturalesNuevo\assets\js\expenses-page.js:1","window.createTransaction = createTransaction;"
"createUserProgress","C:\FacturalesNuevo\assets\js\onboardingProgress.js:530","0","","window.createUserProgress = createUserProgress;"
"csvImport","C:\FacturalesNuevo\assets\js\csv-import.js:279","2","C:\FacturalesNuevo\assets\js\users-page.js:2","window.csvImport = {"
"currentFinancePeriod","C:\FacturalesNuevo\index.html:2686","3","C:\FacturalesNuevo\index.html:3","window.currentFinancePeriod = period;"
"currentFinancePeriod","C:\FacturalesNuevo\index.html:2675","3","C:\FacturalesNuevo\index.html:3","window.currentFinancePeriod = 'year';"
"currentRevenueRange","C:\FacturalesNuevo\index.html:1425","2","C:\FacturalesNuevo\index.html:2","window.currentRevenueRange = rangeKey;"
"currentRevenueRange","C:\FacturalesNuevo\index.html:1418","2","C:\FacturalesNuevo\index.html:2","window.currentRevenueRange = 'year';"
"deleteBusinessInfo","C:\FacturalesNuevo\assets\js\businessInfo.js:265","0","","window.deleteBusinessInfo = deleteBusinessInfo;"
"deleteClient","C:\FacturalesNuevo\assets\js\clients.js:395","0","","window.deleteClient = deleteClient;"
"deleteInvoice","C:\FacturalesNuevo\assets\js\invoices.js:603","1","C:\FacturalesNuevo\assets\js\issued-page.js:1","window.deleteInvoice = deleteInvoice;"
"deleteQuote","C:\FacturalesNuevo\assets\js\quotes.js:509","1","C:\FacturalesNuevo\assets\js\quote-issued-page.js:1","window.deleteQuote = deleteQuote;"
"deleteSeriesDB","C:\FacturalesNuevo\assets\js\invoice-series-db.js:186","1","C:\FacturalesNuevo\settings.html:1","window.deleteSeriesDB = deleteSeries;"
"deleteTransaction","C:\FacturalesNuevo\assets\js\transactions.js:514","2","C:\FacturalesNuevo\assets\js\expenses-page.js:2","window.deleteTransaction = deleteTransaction;"
"editDraft","C:\FacturalesNuevo\assets\js\quote-drafts-page.js:317","1","C:\FacturalesNuevo\assets\js\drafts-page.js:1","window.editDraft = editDraft;"
"editDraft","C:\FacturalesNuevo\assets\js\drafts-page.js:317","1","C:\FacturalesNuevo\assets\js\quote-drafts-page.js:1","window.editDraft = editDraft;"
"editTeamUser","C:\FacturalesNuevo\settings.html:5803","0","","window.editTeamUser = function(id) {"
"editTransaction","C:\FacturalesNuevo\assets\js\expenses-page.js:1196","0","","window.editTransaction = editTransaction;"
"emitInvoice","C:\FacturalesNuevo\assets\js\invoices.js:606","3","C:\FacturalesNuevo\invoices\preview.html:3","window.emitInvoice = emitInvoice;"
"emitQuote","C:\FacturalesNuevo\assets\js\quotes.js:512","6","C:\FacturalesNuevo\invoices\quote-preview.html:3; C:\FacturalesNuevo\assets\js\quote-page.js:3","window.emitQuote = emitQuote;"
"emitQuoteDirectly","C:\FacturalesNuevo\assets\js\quote-page.js:924","0","","window.emitQuoteDirectly = emitQuoteDirectly;"
"exportContactsCSV","C:\FacturalesNuevo\assets\js\users-page.js:1125","0","","window.exportContactsCSV = exportContactsCSV;"
"exportFiscalZIP","C:\FacturalesNuevo\assets\js\fiscal-page.js:501","1","C:\FacturalesNuevo\fiscal.html:1","window.exportFiscalZIP = async function () {"
"filterClients","C:\FacturalesNuevo\assets\js\invoice.js:422","0","","window.filterClients = filterClients;"
"fiscalCalc","C:\FacturalesNuevo\assets\js\fiscal-calc.js:231","20","C:\FacturalesNuevo\assets\js\fiscal-page.js:20","window.fiscalCalc = {"
"formatCurrency","C:\FacturalesNuevo\assets\js\transactions.js:515","4","C:\FacturalesNuevo\assets\js\invoices.js:1; C:\FacturalesNuevo\assets\js\issued-page.js:1; C:\FacturalesNuevo\assets\js\drafts-page.js:1; C:\FacturalesNuevo\assets\js\expenses-page.js:1","window.formatCurrency = formatCurrency;"
"formatCurrency","C:\FacturalesNuevo\assets\js\invoices.js:609","4","C:\FacturalesNuevo\assets\js\issued-page.js:1; C:\FacturalesNuevo\assets\js\transactions.js:1; C:\FacturalesNuevo\assets\js\drafts-page.js:1; C:\FacturalesNuevo\assets\js\expenses-page.js:1","window.formatCurrency = formatCurrency;"
"formatDate","C:\FacturalesNuevo\assets\js\transactions.js:516","6","C:\FacturalesNuevo\assets\js\issued-page.js:2; C:\FacturalesNuevo\assets\js\drafts-page.js:2; C:\FacturalesNuevo\assets\js\expenses-page.js:1; C:\FacturalesNuevo\assets\js\invoices.js:1","window.formatDate = formatDate;"
"formatDate","C:\FacturalesNuevo\assets\js\invoices.js:608","6","C:\FacturalesNuevo\assets\js\issued-page.js:2; C:\FacturalesNuevo\assets\js\drafts-page.js:2; C:\FacturalesNuevo\assets\js\transactions.js:1; C:\FacturalesNuevo\assets\js\expenses-page.js:1","window.formatDate = formatDate;"
"formatFullAddress","C:\FacturalesNuevo\assets\js\clients.js:398","1","C:\FacturalesNuevo\index.html:1","window.formatFullAddress = formatFullAddress;"
"formatInvoiceNumber","C:\FacturalesNuevo\assets\js\invoices.js:607","1","C:\FacturalesNuevo\assets\js\invoice-numbering.js:1","window.formatInvoiceNumber = formatInvoiceNumber;"
"formatInvoiceNumber","C:\FacturalesNuevo\assets\js\invoice-numbering.js:211","1","C:\FacturalesNuevo\assets\js\invoices.js:1","window.formatInvoiceNumber = formatInvoiceNumber;"
"formatQuoteCurrency","C:\FacturalesNuevo\assets\js\quotes.js:515","2","C:\FacturalesNuevo\assets\js\quote-issued-page.js:1; C:\FacturalesNuevo\assets\js\quote-drafts-page.js:1","window.formatQuoteCurrency = formatCurrency;"
"formatQuoteDate","C:\FacturalesNuevo\assets\js\quotes.js:514","4","C:\FacturalesNuevo\assets\js\quote-issued-page.js:2; C:\FacturalesNuevo\assets\js\quote-drafts-page.js:2","window.formatQuoteDate = formatDate;"
"formatQuoteNumber","C:\FacturalesNuevo\assets\js\quotes.js:513","0","","window.formatQuoteNumber = formatQuoteNumber;"
"getBusinessInfo","C:\FacturalesNuevo\signin.html:742","18","C:\FacturalesNuevo\assets\js\user-header.js:3; C:\FacturalesNuevo\settings.html:3; C:\FacturalesNuevo\invoices\quote.html:3; C:\FacturalesNuevo\invoices\new.html:3; C:\FacturalesNuevo\assets\js\fiscal-page.js:2; C:\FacturalesNuevo\signin.html:1; C:\FacturalesNuevo\complete-profile.html:1; C:\FacturalesNuevo\assets\js\checkBusinessInfo.js:1; C:\FacturalesNuevo\assets\js\businessInfo.js:1","if (typeof window.getBusinessInfo === 'function') {"
"getBusinessInfo","C:\FacturalesNuevo\assets\js\user-header.js:76","18","C:\FacturalesNuevo\invoices\quote.html:3; C:\FacturalesNuevo\settings.html:3; C:\FacturalesNuevo\invoices\new.html:3; C:\FacturalesNuevo\signin.html:2; C:\FacturalesNuevo\assets\js\fiscal-page.js:2; C:\FacturalesNuevo\assets\js\user-header.js:2; C:\FacturalesNuevo\assets\js\businessInfo.js:1; C:\FacturalesNuevo\assets\js\checkBusinessInfo.js:1; C:\FacturalesNuevo\complete-profile.html:1","if (typeof window.getBusinessInfo === 'function') {"
"getBusinessInfo","C:\FacturalesNuevo\assets\js\businessInfo.js:263","18","C:\FacturalesNuevo\assets\js\user-header.js:3; C:\FacturalesNuevo\invoices\quote.html:3; C:\FacturalesNuevo\invoices\new.html:3; C:\FacturalesNuevo\settings.html:3; C:\FacturalesNuevo\assets\js\fiscal-page.js:2; C:\FacturalesNuevo\signin.html:2; C:\FacturalesNuevo\assets\js\checkBusinessInfo.js:1; C:\FacturalesNuevo\complete-profile.html:1","window.getBusinessInfo = getBusinessInfo;"
"getCategoryLabel","C:\FacturalesNuevo\assets\js\transactions.js:519","1","C:\FacturalesNuevo\assets\js\expenses-page.js:1","window.getCategoryLabel = getCategoryLabel;"
"getClientById","C:\FacturalesNuevo\assets\js\clients.js:393","2","C:\FacturalesNuevo\assets\js\transactions.js:1; C:\FacturalesNuevo\assets\js\modal-cliente.js:1","window.getClientById = getClientById;"
"getClientName","C:\FacturalesNuevo\assets\js\transactions.js:517","0","","window.getClientName = getClientName;"
"getClients","C:\FacturalesNuevo\assets\js\clients.js:392","2","C:\FacturalesNuevo\index.html:2","window.getClients = getClients;"
"getCurrentSession","C:\FacturalesNuevo\assets\js\auth.js:469","0","","window.getCurrentSession = getCurrentSession;"
"getCurrentUser","C:\FacturalesNuevo\assets\js\auth.js:468","23","C:\FacturalesNuevo\settings.html:7; C:\FacturalesNuevo\invoices\new.html:3; C:\FacturalesNuevo\invoices\quote.html:3; C:\FacturalesNuevo\assets\js\user-header.js:3; C:\FacturalesNuevo\assets\js\onboardingProgress.js:3; C:\FacturalesNuevo\assets\js\checkBusinessInfo.js:2; C:\FacturalesNuevo\assets\js\auth-guard.js:1; C:\FacturalesNuevo\invoices\preview.html:1","window.getCurrentUser = getCurrentUser;"
"getInitials","C:\FacturalesNuevo\assets\js\clients.js:397","2","C:\FacturalesNuevo\index.html:1; C:\FacturalesNuevo\assets\js\expenses-page.js:1","window.getInitials = getInitials;"
"getInvoiceById","C:\FacturalesNuevo\assets\js\invoices.js:601","7","C:\FacturalesNuevo\invoices\preview.html:3; C:\FacturalesNuevo\assets\js\new-page.js:3; C:\FacturalesNuevo\assets\js\invoices.js:1","window.getInvoiceById = getInvoiceById;"
"getInvoiceDefaults","C:\FacturalesNuevo\assets\js\invoice-defaults.js:343","0","","window.getInvoiceDefaults = getInvoiceDefaults;"
"getInvoices","C:\FacturalesNuevo\assets\js\invoices.js:600","8","C:\FacturalesNuevo\assets\js\issued-page.js:4; C:\FacturalesNuevo\assets\js\drafts-page.js:3; C:\FacturalesNuevo\assets\js\invoice-numbering.js:1","window.getInvoices = getInvoices;"
"getInvoiceSeriesStats","C:\FacturalesNuevo\assets\js\invoice-numbering.js:209","0","","window.getInvoiceSeriesStats = getInvoiceSeriesStats;"
"getNextInvoiceNumber","C:\FacturalesNuevo\assets\js\invoice-numbering.js:208","0","","window.getNextInvoiceNumber = getNextInvoiceNumber;"
"getQuoteById","C:\FacturalesNuevo\assets\js\quotes.js:507","7","C:\FacturalesNuevo\invoices\quote-preview.html:3; C:\FacturalesNuevo\assets\js\quote-page.js:3; C:\FacturalesNuevo\assets\js\quotes.js:1","window.getQuoteById = getQuoteById;"
"getQuotes","C:\FacturalesNuevo\assets\js\quotes.js:506","8","C:\FacturalesNuevo\assets\js\quote-issued-page.js:4; C:\FacturalesNuevo\assets\js\quote-drafts-page.js:3; C:\FacturalesNuevo\assets\js\quotes.js:1","window.getQuotes = getQuotes;"
"getQuoteStatusBadge","C:\FacturalesNuevo\assets\js\quotes.js:516","0","","window.getQuoteStatusBadge = getStatusBadge;"
"getSelectedClientId","C:\FacturalesNuevo\assets\js\quote-clients.js:328","5","C:\FacturalesNuevo\assets\js\quote-page.js:2; C:\FacturalesNuevo\assets\js\new-page.js:2; C:\FacturalesNuevo\assets\js\invoice-clients.js:1","window.getSelectedClientId = getSelectedClientId;"
"getSelectedClientId","C:\FacturalesNuevo\assets\js\quote-page.js:571","5","C:\FacturalesNuevo\assets\js\new-page.js:2; C:\FacturalesNuevo\assets\js\quote-page.js:1; C:\FacturalesNuevo\assets\js\quote-clients.js:1; C:\FacturalesNuevo\assets\js\invoice-clients.js:1","const clientId = (typeof window.getSelectedClientId === 'function')"
"getSelectedClientId","C:\FacturalesNuevo\assets\js\invoice-clients.js:328","5","C:\FacturalesNuevo\assets\js\quote-page.js:2; C:\FacturalesNuevo\assets\js\new-page.js:2; C:\FacturalesNuevo\assets\js\quote-clients.js:1","window.getSelectedClientId = getSelectedClientId;"
"getSelectedClientId","C:\FacturalesNuevo\assets\js\new-page.js:563","5","C:\FacturalesNuevo\assets\js\quote-page.js:2; C:\FacturalesNuevo\assets\js\invoice-clients.js:1; C:\FacturalesNuevo\assets\js\quote-clients.js:1; C:\FacturalesNuevo\assets\js\new-page.js:1","const clientId = (typeof window.getSelectedClientId === 'function')"
"getStatusBadge","C:\FacturalesNuevo\assets\js\invoices.js:610","0","","window.getStatusBadge = getStatusBadge;"
"getTransactionById","C:\FacturalesNuevo\assets\js\transactions.js:512","1","C:\FacturalesNuevo\assets\js\expenses-page.js:1","window.getTransactionById = getTransactionById;"
"getTransactions","C:\FacturalesNuevo\assets\js\transactions.js:511","6","C:\FacturalesNuevo\index.html:4; C:\FacturalesNuevo\assets\js\expenses-page.js:1; C:\FacturalesNuevo\assets\js\transactions.js:1","window.getTransactions = getTransactions;"
"getTransactionStats","C:\FacturalesNuevo\assets\js\transactions.js:521","0","","window.getTransactionStats = getTransactionStats;"
"getUserProgress","C:\FacturalesNuevo\assets\js\onboardingProgress.js:529","2","C:\FacturalesNuevo\settings.html:2","window.getUserProgress = getUserProgress;"
"getUserProvider","C:\FacturalesNuevo\settings.html:4795","3","C:\FacturalesNuevo\settings.html:2; C:\FacturalesNuevo\assets\js\auth.js:1","if (typeof window.getUserProvider === 'function') {"
"getUserProvider","C:\FacturalesNuevo\assets\js\auth.js:476","3","C:\FacturalesNuevo\settings.html:3","window.getUserProvider = getUserProvider;"
"getUserSeries","C:\FacturalesNuevo\assets\js\invoice-series-db.js:183","9","C:\FacturalesNuevo\settings.html:3; C:\FacturalesNuevo\invoices\quote.html:3; C:\FacturalesNuevo\invoices\new.html:3","window.getUserSeries = getUserSeries;"
"globalSearch","C:\FacturalesNuevo\assets\js\global-search.js:407","1","C:\FacturalesNuevo\components\header-unified.html:1","window.globalSearch = { open: open, close: close };"
"goToPage","C:\FacturalesNuevo\assets\js\expenses-page.js:1207","0","","window.goToPage = goToPage;"
"goToPreview","C:\FacturalesNuevo\assets\js\quote-page.js:925","5","C:\FacturalesNuevo\invoices\quote.html:2; C:\FacturalesNuevo\invoices\new.html:2; C:\FacturalesNuevo\assets\js\new-page.js:1","window.goToPreview = goToPreview;"
"goToPreview","C:\FacturalesNuevo\assets\js\new-page.js:819","5","C:\FacturalesNuevo\invoices\quote.html:2; C:\FacturalesNuevo\invoices\new.html:2; C:\FacturalesNuevo\assets\js\quote-page.js:1","window.goToPreview = goToPreview;"
"handleAmountFilter","C:\FacturalesNuevo\assets\js\expenses-page.js:1185","0","","window.handleAmountFilter = handleAmountFilter;"
"handleBulkDelete","C:\FacturalesNuevo\assets\js\expenses-page.js:1217","0","","window.handleBulkDelete = handleBulkDelete;"
"handleClientSearch","C:\FacturalesNuevo\assets\js\quote-clients.js:321","1","C:\FacturalesNuevo\assets\js\invoice-clients.js:1","window.handleClientSearch = handleClientSearch;"
"handleClientSearch","C:\FacturalesNuevo\assets\js\invoice-clients.js:321","1","C:\FacturalesNuevo\assets\js\quote-clients.js:1","window.handleClientSearch = handleClientSearch;"
"handleContactAutocomplete","C:\FacturalesNuevo\assets\js\expenses-page.js:1194","0","","window.handleContactAutocomplete = handleContactAutocomplete;"
"handleDashboardSearchClients","C:\FacturalesNuevo\index.html:2071","0","","window.handleDashboardSearchClients = handleDashboardSearchClients;"
"handleDateFilter","C:\FacturalesNuevo\assets\js\expenses-page.js:1186","0","","window.handleDateFilter = handleDateFilter;"
"handleDeleteTransaction","C:\FacturalesNuevo\assets\js\expenses-page.js:1197","0","","window.handleDeleteTransaction = handleDeleteTransaction;"
"handleInvoiceSaveClient","C:\FacturalesNuevo\assets\js\invoice-clients.js:327","0","","window.handleInvoiceSaveClient = handleInvoiceSaveClient;"
"handleLogout","C:\FacturalesNuevo\assets\js\user-header.js:171","0","","window.handleLogout = handleLogout;"
"handleQuoteSaveClient","C:\FacturalesNuevo\assets\js\quote-clients.js:327","0","","window.handleQuoteSaveClient = handleQuoteSaveClient;"
"handleSaveExpense","C:\FacturalesNuevo\assets\js\expenses-page.js:1182","0","","window.handleSaveExpense = handleSaveExpense;"
"handleSearchClients","C:\FacturalesNuevo\assets\js\users-page.js:1076","0","","window.handleSearchClients = handleSearchClients;"
"handleSearchDrafts","C:\FacturalesNuevo\assets\js\quote-drafts-page.js:321","1","C:\FacturalesNuevo\assets\js\drafts-page.js:1","window.handleSearchDrafts = handleSearchDrafts;"
"handleSearchDrafts","C:\FacturalesNuevo\assets\js\drafts-page.js:321","1","C:\FacturalesNuevo\assets\js\quote-drafts-page.js:1","window.handleSearchDrafts = handleSearchDrafts;"
"handleSearchIssued","C:\FacturalesNuevo\assets\js\quote-issued-page.js:467","1","C:\FacturalesNuevo\assets\js\issued-page.js:1","window.handleSearchIssued = handleSearchIssued;"
"handleSearchIssued","C:\FacturalesNuevo\assets\js\issued-page.js:469","1","C:\FacturalesNuevo\assets\js\quote-issued-page.js:1","window.handleSearchIssued = handleSearchIssued;"
"handleSearchReceived","C:\FacturalesNuevo\invoices\facturas-recibidas.html:344","0","","window.handleSearchReceived = handleSearchReceived;"
"handleSearchTransactions","C:\FacturalesNuevo\assets\js\expenses-page.js:1184","1","C:\FacturalesNuevo\assets\js\expenses-page.js:1","window.handleSearchTransactions = handleSearchTransactions;"
"handleSearchTransactions","C:\FacturalesNuevo\assets\js\expenses-page.js:768","1","C:\FacturalesNuevo\assets\js\expenses-page.js:1","window.handleSearchTransactions = handleSearchTransactions;"
"handleTypeFilter","C:\FacturalesNuevo\assets\js\expenses-page.js:1187","0","","window.handleTypeFilter = handleTypeFilter;"
"hasBusinessInfo","C:\FacturalesNuevo\assets\js\businessInfo.js:266","0","","window.hasBusinessInfo = hasBusinessInfo;"
"hasInvoiceDefaults","C:\FacturalesNuevo\assets\js\invoice-defaults.js:347","0","","window.hasInvoiceDefaults = hasInvoiceDefaults;"
"hideClientDropdown","C:\FacturalesNuevo\assets\js\quote-clients.js:323","1","C:\FacturalesNuevo\assets\js\invoice-clients.js:1","window.hideClientDropdown = hideClientDropdown;"
"hideClientDropdown","C:\FacturalesNuevo\assets\js\invoice-clients.js:323","1","C:\FacturalesNuevo\assets\js\quote-clients.js:1","window.hideClientDropdown = hideClientDropdown;"
"highlightField","C:\FacturalesNuevo\assets\js\new-page.js:822","0","","window.highlightField = highlightField;"
"importClientsBulk","C:\FacturalesNuevo\assets\js\clients.js:592","2","C:\FacturalesNuevo\assets\js\users-page.js:2","window.importClientsBulk = importClientsBulk;"
"initNewPage","C:\FacturalesNuevo\invoices\new.html:2670","2","C:\FacturalesNuevo\invoices\new.html:1; C:\FacturalesNuevo\assets\js\new-page.js:1","if (window.initNewPage && typeof window.initNewPage === 'function') {"
"initNewPage","C:\FacturalesNuevo\assets\js\new-page.js:817","2","C:\FacturalesNuevo\invoices\new.html:2","window.initNewPage = initNewPage;"
"initQuotePage","C:\FacturalesNuevo\invoices\quote.html:2668","2","C:\FacturalesNuevo\invoices\quote.html:1; C:\FacturalesNuevo\assets\js\quote-page.js:1","if (window.initQuotePage && typeof window.initQuotePage === 'function') {"
"initQuotePage","C:\FacturalesNuevo\assets\js\quote-page.js:922","2","C:\FacturalesNuevo\invoices\quote.html:2","window.initQuotePage = initQuotePage;"
"invoiceDataHandler","C:\FacturalesNuevo\invoices\new.html:2146","3","C:\FacturalesNuevo\assets\js\new-page.js:2; C:\FacturalesNuevo\assets\js\invoice-data-handler.js:1","window.invoiceDataHandler = new InvoiceDataHandler();"
"InvoiceDataHandler","C:\FacturalesNuevo\assets\js\invoice-data-handler.js:427","3","C:\FacturalesNuevo\assets\js\new-page.js:2; C:\FacturalesNuevo\invoices\new.html:1","window.InvoiceDataHandler = InvoiceDataHandler;"
"InvoicePDFGenerator","C:\FacturalesNuevo\assets\js\invoice-pdf-generator.js:536","2","C:\FacturalesNuevo\assets\js\fiscal-page.js:2","window.InvoicePDFGenerator = InvoicePDFGenerator;"
"InvoicePDFGenerator","C:\FacturalesNuevo\assets\js\fiscal-page.js:512","2","C:\FacturalesNuevo\assets\js\invoice-pdf-generator.js:1; C:\FacturalesNuevo\assets\js\fiscal-page.js:1","if (typeof window.InvoicePDFGenerator === 'undefined') {"
"isInvoiceTransaction","C:\FacturalesNuevo\assets\js\transactions.js:520","0","","window.isInvoiceTransaction = isInvoiceTransaction;"
"isValidEmail","C:\FacturalesNuevo\assets\js\clients.js:590","1","C:\FacturalesNuevo\assets\js\csv-import.js:1","window.isValidEmail = isValidEmail;"
"isValidPhone","C:\FacturalesNuevo\assets\js\clients.js:591","0","","window.isValidPhone = isValidPhone;"
"loadDrafts","C:\FacturalesNuevo\assets\js\quote-drafts-page.js:316","5","C:\FacturalesNuevo\assets\js\drafts-page.js:3; C:\FacturalesNuevo\assets\js\quote-drafts-page.js:2","window.loadDrafts = loadDrafts;"
"loadDrafts","C:\FacturalesNuevo\assets\js\drafts-page.js:316","5","C:\FacturalesNuevo\assets\js\quote-drafts-page.js:3; C:\FacturalesNuevo\assets\js\drafts-page.js:2","window.loadDrafts = loadDrafts;"
"loadInvoiceLines","C:\FacturalesNuevo\assets\js\new-page.js:821","0","","window.loadInvoiceLines = loadInvoiceLines;"
"loadIssuedInvoices","C:\FacturalesNuevo\assets\js\issued-page.js:463","0","","window.loadIssuedInvoices = loadIssuedInvoices;"
"loadIssuedQuotes","C:\FacturalesNuevo\assets\js\quote-issued-page.js:461","0","","window.loadIssuedQuotes = loadIssuedQuotes;"
"loadOnboardingProgress","C:\FacturalesNuevo\assets\js\onboardingProgress.js:537","3","C:\FacturalesNuevo\scan-ocr.html:1; C:\FacturalesNuevo\index.html:1; C:\FacturalesNuevo\expenses.html:1","window.loadOnboardingProgress = loadOnboardingProgress;"
"loadPaymentMethodsFromSupabase","C:\FacturalesNuevo\assets\js\invoice-defaults.js:348","0","","window.loadPaymentMethodsFromSupabase = loadPaymentMethodsFromSupabase;"
"loadQuoteLines","C:\FacturalesNuevo\assets\js\quote-page.js:927","0","","window.loadQuoteLines = loadQuoteLines;"
"loadTransactions","C:\FacturalesNuevo\assets\js\expenses-page.js:1183","0","","window.loadTransactions = loadTransactions;"
"loadUserHeader","C:\FacturalesNuevo\assets\js\user-header.js:172","0","","window.loadUserHeader = loadUserHeader;"
"onAuthStateChange","C:\FacturalesNuevo\assets\js\auth.js:471","0","","window.onAuthStateChange = onAuthStateChange;"
"onPaymentMethodChange","C:\FacturalesNuevo\assets\js\invoice.js:429","0","","window.onPaymentMethodChange = onPaymentMethodChange;"
"openAddExpenseModal","C:\FacturalesNuevo\assets\js\expenses-page.js:1180","0","","window.openAddExpenseModal = openAddExpenseModal;"
"openBulkDeleteModal","C:\FacturalesNuevo\assets\js\users-page.js:1071","0","","window.openBulkDeleteModal = openBulkDeleteModal;"
"openCancelModal","C:\FacturalesNuevo\assets\js\quote-issued-page.js:464","1","C:\FacturalesNuevo\assets\js\issued-page.js:1","window.openCancelModal = openCancelModal;"
"openCancelModal","C:\FacturalesNuevo\assets\js\issued-page.js:466","1","C:\FacturalesNuevo\assets\js\quote-issued-page.js:1","window.openCancelModal = openCancelModal;"
"openCreateClientModal","C:\FacturalesNuevo\assets\js\users-page.js:1077","1","C:\FacturalesNuevo\assets\js\invoice.js:1","window.openCreateClientModal = openCreateClientModal;"
"openCreateClientModal","C:\FacturalesNuevo\assets\js\invoice.js:424","1","C:\FacturalesNuevo\assets\js\users-page.js:1","window.openCreateClientModal = openCreateClientModal;"
"openDeleteModal","C:\FacturalesNuevo\assets\js\users-page.js:1080","2","C:\FacturalesNuevo\assets\js\quote-drafts-page.js:1; C:\FacturalesNuevo\assets\js\drafts-page.js:1","window.openDeleteModal = openDeleteModal;"
"openDeleteModal","C:\FacturalesNuevo\assets\js\quote-drafts-page.js:318","2","C:\FacturalesNuevo\assets\js\users-page.js:1; C:\FacturalesNuevo\assets\js\drafts-page.js:1","window.openDeleteModal = openDeleteModal;"
"openDeleteModal","C:\FacturalesNuevo\assets\js\drafts-page.js:318","2","C:\FacturalesNuevo\assets\js\users-page.js:1; C:\FacturalesNuevo\assets\js\quote-drafts-page.js:1","window.openDeleteModal = openDeleteModal;"
"openDeleteTransactionModal","C:\FacturalesNuevo\assets\js\expenses-page.js:1198","0","","window.openDeleteTransactionModal = openDeleteTransactionModal;"
"openEditClientModal","C:\FacturalesNuevo\assets\js\users-page.js:1078","0","","window.openEditClientModal = openEditClientModal;"
"openImportModal","C:\FacturalesNuevo\assets\js\users-page.js:1084","0","","window.openImportModal = openImportModal;"
"openInvoiceCreateClientModal","C:\FacturalesNuevo\assets\js\invoice-clients.js:325","0","","window.openInvoiceCreateClientModal = openInvoiceCreateClientModal;"
"openPaymentMethodModal","C:\FacturalesNuevo\assets\js\invoice.js:427","0","","window.openPaymentMethodModal = openPaymentMethodModal;"
"openPortalSession","C:\FacturalesNuevo\settings.html:4984","0","","window.openPortalSession = async function() {"
"openQuoteCreateClientModal","C:\FacturalesNuevo\assets\js\quote-clients.js:325","0","","window.openQuoteCreateClientModal = openQuoteCreateClientModal;"
"openTeamDeleteModal","C:\FacturalesNuevo\settings.html:5834","0","","window.openTeamDeleteModal = function(id) {"
"openTeamUserModal","C:\FacturalesNuevo\settings.html:5774","1","C:\FacturalesNuevo\settings.html:1","window.openTeamUserModal = function(id) {"
"permanentlyDeleteInvoice","C:\FacturalesNuevo\assets\js\invoices.js:604","3","C:\FacturalesNuevo\assets\js\drafts-page.js:3","window.permanentlyDeleteInvoice = permanentlyDeleteInvoice;"
"permanentlyDeleteQuote","C:\FacturalesNuevo\assets\js\quotes.js:510","3","C:\FacturalesNuevo\assets\js\quote-drafts-page.js:3","window.permanentlyDeleteQuote = permanentlyDeleteQuote;"
"planLimits","C:\FacturalesNuevo\assets\js\plan-limits.js:266","28","C:\FacturalesNuevo\assets\js\quotes.js:4; C:\FacturalesNuevo\assets\js\scan-ocr-page.js:4; C:\FacturalesNuevo\assets\js\clients.js:4; C:\FacturalesNuevo\assets\js\invoices.js:4; C:\FacturalesNuevo\settings.html:3; C:\FacturalesNuevo\assets\js\users-page.js:3; C:\FacturalesNuevo\assets\js\productos-page.js:3; C:\FacturalesNuevo\assets\js\productos-db.js:2; C:\FacturalesNuevo\assets\js\plan-limits.js:1","window.planLimits = {"
"productosDB","C:\FacturalesNuevo\assets\js\productos-db.js:171","15","C:\FacturalesNuevo\assets\js\productos-page.js:12; C:\FacturalesNuevo\assets\js\product-search.js:3","window.productosDB = {"
"productSearch","C:\FacturalesNuevo\assets\js\product-search.js:129","5","C:\FacturalesNuevo\invoices\quote.html:2; C:\FacturalesNuevo\invoices\new.html:2; C:\FacturalesNuevo\assets\js\product-search.js:1","window.productSearch = {"
"quoteDataHandler","C:\FacturalesNuevo\invoices\quote.html:2146","3","C:\FacturalesNuevo\assets\js\quote-page.js:2; C:\FacturalesNuevo\assets\js\quote-data-handler.js:1","window.quoteDataHandler = new QuoteDataHandler();"
"QuoteDataHandler","C:\FacturalesNuevo\assets\js\quote-data-handler.js:425","3","C:\FacturalesNuevo\assets\js\quote-page.js:2; C:\FacturalesNuevo\invoices\quote.html:1","window.QuoteDataHandler = QuoteDataHandler;"
"QuotePDFGenerator","C:\FacturalesNuevo\assets\js\quote-pdf-generator.js:505","0","","window.QuotePDFGenerator = QuotePDFGenerator;"
"reactivateSubscription","C:\FacturalesNuevo\settings.html:5021","0","","window.reactivateSubscription = async function() {"
"renderOnboardingSteps","C:\FacturalesNuevo\assets\js\onboardingProgress.js:536","0","","window.renderOnboardingSteps = renderOnboardingSteps;"
"resendVerificationEmail","C:\FacturalesNuevo\assets\js\auth.js:475","6","C:\FacturalesNuevo\verify-email.html:3; C:\FacturalesNuevo\confirm-email.html:3","window.resendVerificationEmail = resendVerificationEmail;"
"resetPassword","C:\FacturalesNuevo\assets\js\auth.js:472","0","","window.resetPassword = resetPassword;"
"revenueFlow","C:\FacturalesNuevo\index.html:1417","3","C:\FacturalesNuevo\index.html:3","window.revenueFlow = revenueFlow;"
"saveBusinessInfo","C:\FacturalesNuevo\assets\js\businessInfo.js:262","1","C:\FacturalesNuevo\complete-profile.html:1","window.saveBusinessInfo = saveBusinessInfo;"
"saveDraft","C:\FacturalesNuevo\assets\js\new-page.js:818","2","C:\FacturalesNuevo\invoices\new.html:2","window.saveDraft = saveDraft;"
"saveInvoiceDefaults","C:\FacturalesNuevo\invoices\quote.html:2576","8","C:\FacturalesNuevo\invoices\new.html:4; C:\FacturalesNuevo\invoices\quote.html:3; C:\FacturalesNuevo\assets\js\invoice-defaults.js:1","if (typeof window.saveInvoiceDefaults === 'function') {"
"saveInvoiceDefaults","C:\FacturalesNuevo\invoices\quote.html:2613","8","C:\FacturalesNuevo\invoices\new.html:4; C:\FacturalesNuevo\invoices\quote.html:3; C:\FacturalesNuevo\assets\js\invoice-defaults.js:1","if (typeof window.saveInvoiceDefaults === 'function') {"
"saveInvoiceDefaults","C:\FacturalesNuevo\invoices\new.html:2614","8","C:\FacturalesNuevo\invoices\quote.html:4; C:\FacturalesNuevo\invoices\new.html:3; C:\FacturalesNuevo\assets\js\invoice-defaults.js:1","if (typeof window.saveInvoiceDefaults === 'function') {"
"saveInvoiceDefaults","C:\FacturalesNuevo\assets\js\invoice-defaults.js:344","8","C:\FacturalesNuevo\invoices\quote.html:4; C:\FacturalesNuevo\invoices\new.html:4","window.saveInvoiceDefaults = saveInvoiceDefaults;"
"saveInvoiceDefaults","C:\FacturalesNuevo\invoices\new.html:2577","8","C:\FacturalesNuevo\invoices\quote.html:4; C:\FacturalesNuevo\invoices\new.html:3; C:\FacturalesNuevo\assets\js\invoice-defaults.js:1","if (typeof window.saveInvoiceDefaults === 'function') {"
"saveNewClient","C:\FacturalesNuevo\assets\js\invoice.js:426","0","","window.saveNewClient = saveNewClient;"
"saveQuoteDraft","C:\FacturalesNuevo\assets\js\quote-page.js:923","2","C:\FacturalesNuevo\invoices\quote.html:2","window.saveQuoteDraft = saveQuoteDraft;"
"saveTeamUser","C:\FacturalesNuevo\settings.html:5807","0","","window.saveTeamUser = function(e) {"
"searchClientsAutocomplete","C:\FacturalesNuevo\assets\js\clients.js:396","3","C:\FacturalesNuevo\assets\js\scan-ocr-page.js:2; C:\FacturalesNuevo\assets\js\expenses-page.js:1","window.searchClientsAutocomplete = searchClientsAutocomplete;"
"selectClient","C:\FacturalesNuevo\assets\js\invoice.js:423","2","C:\FacturalesNuevo\assets\js\quote-clients.js:1; C:\FacturalesNuevo\assets\js\invoice-clients.js:1","window.selectClient = selectClient;"
"selectClientById","C:\FacturalesNuevo\assets\js\quote-clients.js:324","1","C:\FacturalesNuevo\assets\js\invoice-clients.js:1","window.selectClientById = selectClientById;"
"selectClientById","C:\FacturalesNuevo\assets\js\invoice-clients.js:324","1","C:\FacturalesNuevo\assets\js\quote-clients.js:1","window.selectClientById = selectClientById;"
"selectContact","C:\FacturalesNuevo\assets\js\expenses-page.js:1195","0","","window.selectContact = selectContact;"
"selectEntity","C:\FacturalesNuevo\complete-profile.html:812","0","","window.selectEntity = function (type) {"
"selectFormat","C:\FacturalesNuevo\complete-profile.html:937","0","","window.selectFormat = function (format) {"
"selectIRPF","C:\FacturalesNuevo\complete-profile.html:922","0","","window.selectIRPF = function (value) {"
"selectIVA","C:\FacturalesNuevo\complete-profile.html:907","0","","window.selectIVA = function (value) {"
"selectPlan","C:\FacturalesNuevo\settings.html:4950","0","","window.selectPlan = function(planKey) {"
"selectReset","C:\FacturalesNuevo\complete-profile.html:961","0","","window.selectReset = function (value) {"
"selectSettingsIRPF","C:\FacturalesNuevo\settings.html:3766","0","","window.selectSettingsIRPF = function(value) {"
"selectSettingsIVA","C:\FacturalesNuevo\settings.html:3752","0","","window.selectSettingsIVA = function(value) {"
"selectSettingsTaxType","C:\FacturalesNuevo\settings.html:3730","0","","window.selectSettingsTaxType = function(type) {"
"selectTaxType","C:\FacturalesNuevo\complete-profile.html:885","0","","window.selectTaxType = function (type) {"
"sendDocumentEmail","C:\FacturalesNuevo\assets\js\email-sender.js:94","6","C:\FacturalesNuevo\invoices\quote-preview.html:3; C:\FacturalesNuevo\invoices\preview.html:3","window.sendDocumentEmail = sendDocumentEmail;"
"setDashboardPerPage","C:\FacturalesNuevo\index.html:1993","0","","window.setDashboardPerPage = setDashboardPerPage;"
"setFinancePeriod","C:\FacturalesNuevo\index.html:2685","1","C:\FacturalesNuevo\index.html:1","window.setFinancePeriod = function(period) {"
"setFiscalQuarter","C:\FacturalesNuevo\assets\js\fiscal-page.js:121","5","C:\FacturalesNuevo\fiscal.html:5","window.setFiscalQuarter = function (q) {"
"setFiscalYear","C:\FacturalesNuevo\assets\js\fiscal-page.js:113","1","C:\FacturalesNuevo\assets\js\fiscal-page.js:1","window.setFiscalYear = function (y) {"
"setPricingInterval","C:\FacturalesNuevo\settings.html:4904","0","","window.setPricingInterval = function(interval) {"
"setResultsPerPage","C:\FacturalesNuevo\assets\js\expenses-page.js:1208","0","","window.setResultsPerPage = setResultsPerPage;"
"setRevenueRange","C:\FacturalesNuevo\index.html:1421","1","C:\FacturalesNuevo\index.html:1","window.setRevenueRange = function (rangeKey) {"
"setSelectedClientId","C:\FacturalesNuevo\assets\js\quote-clients.js:329","5","C:\FacturalesNuevo\assets\js\quote-page.js:2; C:\FacturalesNuevo\assets\js\new-page.js:2; C:\FacturalesNuevo\assets\js\invoice-clients.js:1","window.setSelectedClientId = setSelectedClientId;"
"setSelectedClientId","C:\FacturalesNuevo\assets\js\quote-page.js:123","5","C:\FacturalesNuevo\assets\js\new-page.js:2; C:\FacturalesNuevo\assets\js\quote-page.js:1; C:\FacturalesNuevo\assets\js\quote-clients.js:1; C:\FacturalesNuevo\assets\js\invoice-clients.js:1","if (typeof window.setSelectedClientId === 'function') {"
"setSelectedClientId","C:\FacturalesNuevo\assets\js\invoice-clients.js:329","5","C:\FacturalesNuevo\assets\js\quote-page.js:2; C:\FacturalesNuevo\assets\js\new-page.js:2; C:\FacturalesNuevo\assets\js\quote-clients.js:1","window.setSelectedClientId = setSelectedClientId;"
"setSelectedClientId","C:\FacturalesNuevo\assets\js\new-page.js:116","5","C:\FacturalesNuevo\assets\js\quote-page.js:2; C:\FacturalesNuevo\assets\js\invoice-clients.js:1; C:\FacturalesNuevo\assets\js\quote-clients.js:1; C:\FacturalesNuevo\assets\js\new-page.js:1","if (typeof window.setSelectedClientId === 'function') {"
"setUsersPerPage","C:\FacturalesNuevo\assets\js\users-page.js:392","0","","window.setUsersPerPage = setUsersPerPage;"
"showClientDropdown","C:\FacturalesNuevo\assets\js\quote-clients.js:322","1","C:\FacturalesNuevo\assets\js\invoice-clients.js:1","window.showClientDropdown = showClientDropdown;"
"showClientDropdown","C:\FacturalesNuevo\assets\js\invoice-clients.js:322","1","C:\FacturalesNuevo\assets\js\quote-clients.js:1","window.showClientDropdown = showClientDropdown;"
"showToast","C:\FacturalesNuevo\assets\js\quote-page.js:908","95","C:\FacturalesNuevo\settings.html:21; C:\FacturalesNuevo\invoices\preview.html:9; C:\FacturalesNuevo\invoices\quote-preview.html:9; C:\FacturalesNuevo\assets\js\quote-drafts-page.js:8; C:\FacturalesNuevo\assets\js\drafts-page.js:8; C:\FacturalesNuevo\assets\js\productos-page.js:8; C:\FacturalesNuevo\assets\js\fiscal-page.js:6; C:\FacturalesNuevo\invoices\new.html:4; C:\FacturalesNuevo\invoices\quote.html:4; C:\FacturalesNuevo\assets\js\modal-cliente.js:4; C:\FacturalesNuevo\assets\js\issued-page.js:3; C:\FacturalesNuevo\assets\js\new-page.js:2; C:\FacturalesNuevo\assets\js\user-header.js:2; C:\FacturalesNuevo\assets\js\quote-issued-page.js:2; C:\FacturalesNuevo\assets\js\subscription.js:2; C:\FacturalesNuevo\assets\js\quote-page.js:1; C:\FacturalesNuevo\assets\js\scan-ocr-page.js:1; C:\FacturalesNuevo\assets\js\toast.js:1","if (window.showToast && typeof window.showToast === 'function') {"
"showToast","C:\FacturalesNuevo\assets\js\toast.js:118","95","C:\FacturalesNuevo\settings.html:21; C:\FacturalesNuevo\invoices\preview.html:9; C:\FacturalesNuevo\invoices\quote-preview.html:9; C:\FacturalesNuevo\assets\js\quote-drafts-page.js:8; C:\FacturalesNuevo\assets\js\drafts-page.js:8; C:\FacturalesNuevo\assets\js\productos-page.js:8; C:\FacturalesNuevo\assets\js\fiscal-page.js:6; C:\FacturalesNuevo\invoices\new.html:4; C:\FacturalesNuevo\assets\js\modal-cliente.js:4; C:\FacturalesNuevo\invoices\quote.html:4; C:\FacturalesNuevo\assets\js\issued-page.js:3; C:\FacturalesNuevo\assets\js\quote-page.js:2; C:\FacturalesNuevo\assets\js\new-page.js:2; C:\FacturalesNuevo\assets\js\quote-issued-page.js:2; C:\FacturalesNuevo\assets\js\user-header.js:2; C:\FacturalesNuevo\assets\js\subscription.js:2; C:\FacturalesNuevo\assets\js\scan-ocr-page.js:1","window.showToast = showToast;"
"showToast","C:\FacturalesNuevo\assets\js\user-header.js:27","95","C:\FacturalesNuevo\settings.html:21; C:\FacturalesNuevo\invoices\preview.html:9; C:\FacturalesNuevo\invoices\quote-preview.html:9; C:\FacturalesNuevo\assets\js\quote-drafts-page.js:8; C:\FacturalesNuevo\assets\js\drafts-page.js:8; C:\FacturalesNuevo\assets\js\productos-page.js:8; C:\FacturalesNuevo\assets\js\fiscal-page.js:6; C:\FacturalesNuevo\invoices\new.html:4; C:\FacturalesNuevo\assets\js\modal-cliente.js:4; C:\FacturalesNuevo\invoices\quote.html:4; C:\FacturalesNuevo\assets\js\issued-page.js:3; C:\FacturalesNuevo\assets\js\quote-page.js:2; C:\FacturalesNuevo\assets\js\new-page.js:2; C:\FacturalesNuevo\assets\js\quote-issued-page.js:2; C:\FacturalesNuevo\assets\js\subscription.js:2; C:\FacturalesNuevo\assets\js\toast.js:1; C:\FacturalesNuevo\assets\js\user-header.js:1; C:\FacturalesNuevo\assets\js\scan-ocr-page.js:1","if (typeof window.showToast === 'function') {"
"showToast","C:\FacturalesNuevo\assets\js\issued-page.js:449","95","C:\FacturalesNuevo\settings.html:21; C:\FacturalesNuevo\invoices\preview.html:9; C:\FacturalesNuevo\invoices\quote-preview.html:9; C:\FacturalesNuevo\assets\js\quote-drafts-page.js:8; C:\FacturalesNuevo\assets\js\drafts-page.js:8; C:\FacturalesNuevo\assets\js\productos-page.js:8; C:\FacturalesNuevo\assets\js\fiscal-page.js:6; C:\FacturalesNuevo\invoices\new.html:4; C:\FacturalesNuevo\assets\js\modal-cliente.js:4; C:\FacturalesNuevo\invoices\quote.html:4; C:\FacturalesNuevo\assets\js\user-header.js:2; C:\FacturalesNuevo\assets\js\issued-page.js:2; C:\FacturalesNuevo\assets\js\new-page.js:2; C:\FacturalesNuevo\assets\js\quote-issued-page.js:2; C:\FacturalesNuevo\assets\js\quote-page.js:2; C:\FacturalesNuevo\assets\js\subscription.js:2; C:\FacturalesNuevo\assets\js\toast.js:1; C:\FacturalesNuevo\assets\js\scan-ocr-page.js:1","if (typeof window.showToast === 'function' && window.showToast !== _showIssuedToast) {"
"showToast","C:\FacturalesNuevo\assets\js\new-page.js:772","95","C:\FacturalesNuevo\settings.html:21; C:\FacturalesNuevo\invoices\preview.html:9; C:\FacturalesNuevo\invoices\quote-preview.html:9; C:\FacturalesNuevo\assets\js\quote-drafts-page.js:8; C:\FacturalesNuevo\assets\js\drafts-page.js:8; C:\FacturalesNuevo\assets\js\productos-page.js:8; C:\FacturalesNuevo\assets\js\fiscal-page.js:6; C:\FacturalesNuevo\invoices\new.html:4; C:\FacturalesNuevo\invoices\quote.html:4; C:\FacturalesNuevo\assets\js\modal-cliente.js:4; C:\FacturalesNuevo\assets\js\issued-page.js:3; C:\FacturalesNuevo\assets\js\quote-page.js:2; C:\FacturalesNuevo\assets\js\user-header.js:2; C:\FacturalesNuevo\assets\js\quote-issued-page.js:2; C:\FacturalesNuevo\assets\js\subscription.js:2; C:\FacturalesNuevo\assets\js\new-page.js:1; C:\FacturalesNuevo\assets\js\scan-ocr-page.js:1; C:\FacturalesNuevo\assets\js\toast.js:1","if (window.showToast && typeof window.showToast === 'function') {"
"showToast","C:\FacturalesNuevo\assets\js\quote-issued-page.js:447","95","C:\FacturalesNuevo\settings.html:21; C:\FacturalesNuevo\invoices\preview.html:9; C:\FacturalesNuevo\invoices\quote-preview.html:9; C:\FacturalesNuevo\assets\js\quote-drafts-page.js:8; C:\FacturalesNuevo\assets\js\drafts-page.js:8; C:\FacturalesNuevo\assets\js\productos-page.js:8; C:\FacturalesNuevo\assets\js\fiscal-page.js:6; C:\FacturalesNuevo\invoices\new.html:4; C:\FacturalesNuevo\assets\js\modal-cliente.js:4; C:\FacturalesNuevo\invoices\quote.html:4; C:\FacturalesNuevo\assets\js\issued-page.js:3; C:\FacturalesNuevo\assets\js\user-header.js:2; C:\FacturalesNuevo\assets\js\new-page.js:2; C:\FacturalesNuevo\assets\js\subscription.js:2; C:\FacturalesNuevo\assets\js\quote-page.js:2; C:\FacturalesNuevo\assets\js\toast.js:1; C:\FacturalesNuevo\assets\js\scan-ocr-page.js:1; C:\FacturalesNuevo\assets\js\quote-issued-page.js:1","if (window.showToast && typeof window.showToast === 'function') {"
"signIn","C:\FacturalesNuevo\assets\js\auth.js:465","14","C:\FacturalesNuevo\signin.html:8; C:\FacturalesNuevo\signup.html:3; C:\FacturalesNuevo\settings.html:2; C:\FacturalesNuevo\assets\js\auth.js:1","window.signIn = signIn;"
"signInWithGoogle","C:\FacturalesNuevo\assets\js\auth.js:466","6","C:\FacturalesNuevo\signup.html:3; C:\FacturalesNuevo\signin.html:3","window.signInWithGoogle = signInWithGoogle;"
"signOut","C:\FacturalesNuevo\assets\js\user-header.js:18","3","C:\FacturalesNuevo\assets\js\user-header.js:1; C:\FacturalesNuevo\assets\js\auth.js:1; C:\FacturalesNuevo\assets\js\auth-guard.js:1","if (typeof window.signOut === 'function') {"
"signOut","C:\FacturalesNuevo\assets\js\auth.js:467","3","C:\FacturalesNuevo\assets\js\user-header.js:2; C:\FacturalesNuevo\assets\js\auth-guard.js:1","window.signOut = signOut;"
"signUp","C:\FacturalesNuevo\assets\js\auth.js:464","5","C:\FacturalesNuevo\signup.html:5","window.signUp = signUp;"
"sortTransactions","C:\FacturalesNuevo\assets\js\expenses-page.js:288","7","C:\FacturalesNuevo\expenses.html:6; C:\FacturalesNuevo\assets\js\expenses-page.js:1","window.sortTransactions = function(column) {"
"subscriptionHelper","C:\FacturalesNuevo\assets\js\subscription.js:149","7","C:\FacturalesNuevo\settings.html:4; C:\FacturalesNuevo\assets\js\plan-limits.js:2; C:\FacturalesNuevo\assets\js\subscription.js:1","window.subscriptionHelper = {"
"supabaseAuthReady","C:\FacturalesNuevo\assets\js\supabaseClient.js:52","20","C:\FacturalesNuevo\settings.html:3; C:\FacturalesNuevo\assets\js\subscription-guard.js:2; C:\FacturalesNuevo\confirm-email.html:2; C:\FacturalesNuevo\assets\js\auth-guard.js:2; C:\FacturalesNuevo\assets\js\access-logger.js:2; C:\FacturalesNuevo\assets\js\checkBusinessInfo.js:2; C:\FacturalesNuevo\complete-profile.html:1; C:\FacturalesNuevo\subscribe.html:1; C:\FacturalesNuevo\invoices\quote.html:1; C:\FacturalesNuevo\invoices\new.html:1; C:\FacturalesNuevo\billing\success.html:1; C:\FacturalesNuevo\invoices\quote-preview.html:1; C:\FacturalesNuevo\invoices\preview.html:1","window.supabaseAuthReady = new Promise(function (resolve) {"
"supabaseClient","C:\FacturalesNuevo\assets\js\supabaseClient.js:25","152","C:\FacturalesNuevo\settings.html:28; C:\FacturalesNuevo\signin.html:16; C:\FacturalesNuevo\assets\js\onboardingProgress.js:8; C:\FacturalesNuevo\subscribe.html:8; C:\FacturalesNuevo\index.html:8; C:\FacturalesNuevo\assets\js\invoice-defaults.js:6; C:\FacturalesNuevo\assets\js\invoice-numbering.js:6; C:\FacturalesNuevo\reset-password.html:6; C:\FacturalesNuevo\assets\js\invoice-series-db.js:4; C:\FacturalesNuevo\complete-profile.html:4; C:\FacturalesNuevo\assets\js\subscription-guard.js:3; C:\FacturalesNuevo\assets\js\quote-issued-page.js:3; C:\FacturalesNuevo\assets\js\quotes.js:3; C:\FacturalesNuevo\billing\success.html:3; C:\FacturalesNuevo\confirm-email.html:3; C:\FacturalesNuevo\assets\js\fiscal-page.js:3; C:\FacturalesNuevo\support-ticket.html:3; C:\FacturalesNuevo\assets\js\invoices.js:3; C:\FacturalesNuevo\assets\js\issued-page.js:3; C:\FacturalesNuevo\assets\js\transactions.js:2; C:\FacturalesNuevo\assets\js\users-page.js:2; C:\FacturalesNuevo\invoices\preview.html:2; C:\FacturalesNuevo\invoices\quote-preview.html:2; C:\FacturalesNuevo\assets\js\auth.js:2; C:\FacturalesNuevo\assets\js\businessInfo.js:2; C:\FacturalesNuevo\assets\js\clients.js:2; C:\FacturalesNuevo\assets\js\email-sender.js:2; C:\FacturalesNuevo\assets\js\productos-db.js:2; C:\FacturalesNuevo\assets\js\subscription.js:2; C:\FacturalesNuevo\assets\js\plan-limits.js:2; C:\FacturalesNuevo\assets\js\scan-ocr-page.js:2; C:\FacturalesNuevo\assets\js\quote-page.js:2; C:\FacturalesNuevo\assets\js\access-logger.js:1; C:\FacturalesNuevo\assets\js\auth-guard.js:1; C:\FacturalesNuevo\assets\js\supabaseClient.js:1; C:\FacturalesNuevo\assets\js\new-page.js:1; C:\FacturalesNuevo\assets\js\global-search.js:1","window.supabaseClient = client;"
"supabaseReady","C:\FacturalesNuevo\signup.html:352","3","C:\FacturalesNuevo\verify-email.html:1; C:\FacturalesNuevo\signin.html:1; C:\FacturalesNuevo\confirm-email.html:1","window.supabaseReady = true;"
"supabaseReady","C:\FacturalesNuevo\verify-email.html:130","3","C:\FacturalesNuevo\signup.html:1; C:\FacturalesNuevo\signin.html:1; C:\FacturalesNuevo\confirm-email.html:1","window.supabaseReady = true;"
"supabaseReady","C:\FacturalesNuevo\confirm-email.html:164","3","C:\FacturalesNuevo\verify-email.html:1; C:\FacturalesNuevo\signup.html:1; C:\FacturalesNuevo\signin.html:1","window.supabaseReady = true;"
"supabaseReady","C:\FacturalesNuevo\signin.html:567","3","C:\FacturalesNuevo\verify-email.html:1; C:\FacturalesNuevo\signup.html:1; C:\FacturalesNuevo\confirm-email.html:1","window.supabaseReady = true;"
"toast","C:\FacturalesNuevo\assets\js\toast.js:119","0","","window.toast = toast;"
"toggleAdvancedOptions","C:\FacturalesNuevo\assets\js\invoice.js:419","0","","window.toggleAdvancedOptions = toggleAdvancedOptions;"
"toggleClientDropdown","C:\FacturalesNuevo\assets\js\invoice.js:421","0","","window.toggleClientDropdown = toggleClientDropdown;"
"toggleClientStatus","C:\FacturalesNuevo\assets\js\users-page.js:1083","0","","window.toggleClientStatus = toggleClientStatus;"
"toggleConditionalField","C:\FacturalesNuevo\assets\js\invoice.js:420","0","","window.toggleConditionalField = toggleConditionalField;"
"toggleContactFilter","C:\FacturalesNuevo\index.html:1934","0","","window.toggleContactFilter = toggleContactFilter;"
"toggleContactsFilters","C:\FacturalesNuevo\index.html:1932","0","","window.toggleContactsFilters = toggleContactsFilters;"
"toggleDashboardPerPageDropdown","C:\FacturalesNuevo\index.html:1986","0","","window.toggleDashboardPerPageDropdown = toggleDashboardPerPageDropdown;"
"toggleDateFilter","C:\FacturalesNuevo\assets\js\expenses-page.js:1205","0","","window.toggleDateFilter = toggleDateFilter;"
"toggleExpensesFilters","C:\FacturalesNuevo\assets\js\expenses-page.js:1216","0","","window.toggleExpensesFilters = toggleExpensesFilters;"
"toggleExpensesPerPageDropdown","C:\FacturalesNuevo\assets\js\expenses-page.js:1210","0","","window.toggleExpensesPerPageDropdown = toggleExpensesPerPageDropdown;"
"toggleFilterDropdown","C:\FacturalesNuevo\assets\js\expenses-page.js:1191","0","","window.toggleFilterDropdown = toggleFilterDropdown;"
"togglePaidStatus","C:\FacturalesNuevo\assets\js\invoices.js:605","1","C:\FacturalesNuevo\assets\js\issued-page.js:1","window.togglePaidStatus = togglePaidStatus;"
"togglePaymentStatus","C:\FacturalesNuevo\assets\js\quote-issued-page.js:463","1","C:\FacturalesNuevo\assets\js\issued-page.js:1","window.togglePaymentStatus = togglePaymentStatus;"
"togglePaymentStatus","C:\FacturalesNuevo\assets\js\issued-page.js:465","1","C:\FacturalesNuevo\assets\js\quote-issued-page.js:1","window.togglePaymentStatus = togglePaymentStatus;"
"togglePriceFilter","C:\FacturalesNuevo\assets\js\expenses-page.js:1201","0","","window.togglePriceFilter = togglePriceFilter;"
"toggleQuotePaidStatus","C:\FacturalesNuevo\assets\js\quotes.js:511","1","C:\FacturalesNuevo\assets\js\quote-issued-page.js:1","window.toggleQuotePaidStatus = togglePaidStatus;"
"toggleSelectAll","C:\FacturalesNuevo\assets\js\users-page.js:1069","0","","window.toggleSelectAll = toggleSelectAll;"
"toggleSelectClient","C:\FacturalesNuevo\assets\js\users-page.js:1070","0","","window.toggleSelectClient = toggleSelectClient;"
"toggleUsersPerPageDropdown","C:\FacturalesNuevo\assets\js\users-page.js:398","0","","window.toggleUsersPerPageDropdown = toggleUsersPerPageDropdown;"
"transactionsUtils","C:\FacturalesNuevo\assets\js\transactions.js:524","0","","window.transactionsUtils = {"
"updateActiveFilterCount","C:\FacturalesNuevo\assets\js\expenses-page.js:1192","0","","window.updateActiveFilterCount = updateActiveFilterCount;"
"updateBusinessInfo","C:\FacturalesNuevo\assets\js\businessInfo.js:264","1","C:\FacturalesNuevo\settings.html:1","window.updateBusinessInfo = updateBusinessInfo;"
"updateClient","C:\FacturalesNuevo\assets\js\clients.js:394","1","C:\FacturalesNuevo\assets\js\modal-cliente.js:1","window.updateClient = updateClient;"
"updateContactsPriceFromSlider","C:\FacturalesNuevo\index.html:1972","0","","window.updateContactsPriceFromSlider = updateContactsPriceFromSlider;"
"updateContactsPriceSlider","C:\FacturalesNuevo\index.html:1970","0","","window.updateContactsPriceSlider = updateContactsPriceSlider;"
"updateCustomPreview","C:\FacturalesNuevo\complete-profile.html:998","0","","window.updateCustomPreview = function () {"
"updateHeaderDOM","C:\FacturalesNuevo\assets\js\user-header.js:173","0","","window.updateHeaderDOM = updateHeaderDOM;"
"updateInvoice","C:\FacturalesNuevo\assets\js\invoices.js:602","10","C:\FacturalesNuevo\assets\js\new-page.js:4; C:\FacturalesNuevo\invoices\new.html:2; C:\FacturalesNuevo\invoices\quote.html:2; C:\FacturalesNuevo\assets\js\invoice-numbering.js:1; C:\FacturalesNuevo\assets\js\invoices.js:1","window.updateInvoice = updateInvoice;"
"updateInvoiceNumberPreview","C:\FacturalesNuevo\invoices\quote.html:2561","4","C:\FacturalesNuevo\invoices\new.html:2; C:\FacturalesNuevo\invoices\quote.html:1; C:\FacturalesNuevo\assets\js\invoice-numbering.js:1","if (typeof window.updateInvoiceNumberPreview === 'function') {"
"updateInvoiceNumberPreview","C:\FacturalesNuevo\invoices\new.html:2562","4","C:\FacturalesNuevo\invoices\quote.html:2; C:\FacturalesNuevo\assets\js\invoice-numbering.js:1; C:\FacturalesNuevo\invoices\new.html:1","if (typeof window.updateInvoiceNumberPreview === 'function') {"
"updateInvoiceNumberPreview","C:\FacturalesNuevo\assets\js\invoice-numbering.js:210","4","C:\FacturalesNuevo\invoices\quote.html:2; C:\FacturalesNuevo\invoices\new.html:2","window.updateInvoiceNumberPreview = updateInvoiceNumberPreview;"
"updatePagination","C:\FacturalesNuevo\assets\js\expenses-page.js:1209","0","","window.updatePagination = updatePagination;"
"updatePassword","C:\FacturalesNuevo\assets\js\auth.js:473","2","C:\FacturalesNuevo\settings.html:2","window.updatePassword = updatePassword;"
"updatePriceFromSlider","C:\FacturalesNuevo\assets\js\expenses-page.js:1203","0","","window.updatePriceFromSlider = updatePriceFromSlider;"
"updatePriceRange","C:\FacturalesNuevo\assets\js\expenses-page.js:1202","0","","window.updatePriceRange = updatePriceRange;"
"updateProfile","C:\FacturalesNuevo\assets\js\auth.js:474","0","","window.updateProfile = updateProfile;"
"updateQuote","C:\FacturalesNuevo\assets\js\quotes.js:508","8","C:\FacturalesNuevo\assets\js\quote-page.js:7; C:\FacturalesNuevo\assets\js\quotes.js:1","window.updateQuote = updateQuote;"
"updateSeriesDB","C:\FacturalesNuevo\assets\js\invoice-series-db.js:185","1","C:\FacturalesNuevo\settings.html:1","window.updateSeriesDB = updateSeries;"
"updateStepProgress","C:\FacturalesNuevo\settings.html:4081","9","C:\FacturalesNuevo\assets\js\clients.js:4; C:\FacturalesNuevo\assets\js\invoices.js:2; C:\FacturalesNuevo\settings.html:1; C:\FacturalesNuevo\invoices\preview.html:1; C:\FacturalesNuevo\assets\js\onboardingProgress.js:1","if ((hasCustomColor || hasLogo) && typeof window.updateStepProgress === 'function') {"
"updateStepProgress","C:\FacturalesNuevo\assets\js\onboardingProgress.js:531","9","C:\FacturalesNuevo\assets\js\clients.js:4; C:\FacturalesNuevo\settings.html:2; C:\FacturalesNuevo\assets\js\invoices.js:2; C:\FacturalesNuevo\invoices\preview.html:1","window.updateStepProgress = updateStepProgress;"
"updateTotals","C:\FacturalesNuevo\assets\js\quote-page.js:137","3","C:\FacturalesNuevo\assets\js\new-page.js:2; C:\FacturalesNuevo\assets\js\quote-page.js:1","if (window.updateTotals && typeof window.updateTotals === 'function') {"
"updateTotals","C:\FacturalesNuevo\assets\js\new-page.js:131","3","C:\FacturalesNuevo\assets\js\quote-page.js:2; C:\FacturalesNuevo\assets\js\new-page.js:1","if (window.updateTotals && typeof window.updateTotals === 'function') {"
"updateTransaction","C:\FacturalesNuevo\assets\js\transactions.js:513","1","C:\FacturalesNuevo\assets\js\expenses-page.js:1","window.updateTransaction = updateTransaction;"
"validateClientData","C:\FacturalesNuevo\assets\js\clients.js:589","0","","window.validateClientData = validateClientData;"
"validateTransactionData","C:\FacturalesNuevo\assets\js\transactions.js:518","0","","window.validateTransactionData = validateTransactionData;"
"viewInvoice","C:\FacturalesNuevo\assets\js\issued-page.js:464","0","","window.viewInvoice = viewInvoice;"
"viewQuote","C:\FacturalesNuevo\assets\js\quote-issued-page.js:462","0","","window.viewQuote = viewQuote;"
